{
  "Appendicitis": {
    "precision": 0.75,
    "recall": 1.0,
    "f1-score": 0.8571428571428571,
    "support": 3.0
  },
  "Arthritis": {
    "precision": 1.0,
    "recall": 1.0,
    "f1-score": 1.0,
    "support": 3.0
  },
  "Asthma": {
    "precision": 1.0,
    "recall": 0.6666666666666666,
    "f1-score": 0.8,
    "support": 3.0
  },
  "COPD": {
    "precision": 1.0,
    "recall": 1.0,
    "f1-score": 1.0,
    "support": 3.0
  },
  "Common Cold": {
    "precision": 1.0,
    "recall": 0.6666666666666666,
    "f1-score": 0.8,
    "support": 3.0
  },
  "Dengue": {
    "precision": 0.6,
    "recall": 1.0,
    "f1-score": 0.75,
    "support": 3.0
  },
  "Diabetes": {
    "precision": 1.0,
    "recall": 1.0,
    "f1-score": 1.0,
    "support": 3.0
  },
  "Flu": {
    "precision": 0.75,
    "recall": 1.0,
    "f1-score": 0.8571428571428571,
    "support": 3.0
  },
  "Heart Disease": {
    "precision": 0.75,
    "recall": 1.0,
    "f1-score": 0.8571428571428571,
    "support": 3.0
  },
  "Malaria": {
    "precision": 1.0,
    "recall": 0.6666666666666666,
    "f1-score": 0.8,
    "support": 3.0
  },
  "Meningitis": {
    "precision": 1.0,
    "recall": 0.6666666666666666,
    "f1-score": 0.8,
    "support": 3.0
  },
  "UTI": {
    "precision": 1.0,
    "recall": 0.6666666666666666,
    "f1-score": 0.8,
    "support": 3.0
  },
  "accuracy": 0.8611111111111112,
  "macro avg": {
    "precision": 0.9041666666666667,
    "recall": 0.8611111111111108,
    "f1-score": 0.8601190476190478,
    "support": 36.0
  },
  "weighted avg": {
    "precision": 0.9041666666666666,
    "recall": 0.8611111111111112,
    "f1-score": 0.8601190476190474,
    "support": 36.0
  }
}